{"count":1,"self":939.1668224,"total":6607.3818684,"children":{"InitializeActuators":{"count":2,"self":0.0019998,"total":0.0019998,"children":null},"InitializeSensors":{"count":2,"self":0.0019232,"total":0.0019232,"children":null},"AgentSendState":{"count":1430284,"self":9.7281728,"total":68.910906799999992,"children":{"CollectObservations":{"count":1430284,"self":7.272016,"total":7.2720161,"children":null},"WriteActionMask":{"count":1430284,"self":1.0619581999999999,"total":1.0619581999999999,"children":null},"RequestDecision":{"count":1430284,"self":7.581224,"total":50.848759699999995,"children":{"AgentInfo.ToProto":{"count":1430284,"self":8.1003128,"total":43.2675355,"children":{"GenerateSensorData":{"count":1430284,"self":35.1672224,"total":35.167222599999995,"children":null}}}}}}},"DecideAction":{"count":1430284,"self":5560.0705536,"total":5560.0705299,"children":null},"AgentAct":{"count":1430284,"self":38.9216064,"total":39.1637331,"children":{"AgentInfo.ToProto":{"count":8829,"self":0.0295044,"total":0.2421263,"children":{"GenerateSensorData":{"count":8829,"self":0.2126219,"total":0.2126219,"children":null}}}}},"AgentInfo.ToProto":{"count":2183,"self":0.014024,"total":0.064946999999999991,"children":{"GenerateSensorData":{"count":2183,"self":0.050922999999999996,"total":0.050922999999999996,"children":null}}}},"gauges":{"My Behavior.CumulativeReward":{"count":11012,"max":0.2585524,"min":-1,"runningAverage":-0.7851501,"value":-1,"weightedAverage":-0.9135518}},"metadata":{"timer_format_version":"0.1.0","start_time_seconds":"1670075326","unity_version":"2020.3.25f1","command_line_arguments":"D:\\ProgramFiles\\Unity 2020.3.25f1\\Editor\\Unity.exe -projectpath D:\\School\\4-2-Semester\\batting-env\\Batting -useHub -hubIPC -cloudEnvironment production -licensingIpc LicenseClient-sw980 -hubSessionId d89d5300-7207-11ed-a239-4f42f525eedf -accessToken h6tt0h7ijmmH1TtoyIxG6KT6O1NUpGfvaz0P4ErYE9U00df","communication_protocol_version":"1.5.0","com.unity.ml-agents_version":"2.0.0-exp.1","scene_name":"Batting2","end_time_seconds":"1670081933"}}